imovel1,imovel2,proporcao_de_iguais,proporcao_de_diferentes,proporcao_de_indeterminados
b61bbd51bf6bcbfedf390ff82d6a3d59,3effa53cdd76e4980d42df659b0f8676,0.06666666666666667,0.7,0.23333333333333334
6dfc9b7235c843e1974d6e6713c22c9c,029bf2c4fcee5c3b08598373a1043741,0.0,0.6666666666666667,0.3333333333333333
